{"sum": 711377.0, "avr": 548.9020061728395, "sumMD": 414.0, "avrMD": 11.5, "sumSD": 524.0, "avrSD": 14.555555555555555, "max": 997.0, "min": 101.0}